source_id,title,organization,url,language,season,format,status,local_path,accessed_on,notes
IFAB-LAW-01-2026-27,Law 1 - The Field of Play,IFAB,https://www.theifab.com/laws/latest/the-field-of-play/,English,2026/27,HTML,pending,,,Official IFAB law page
IFAB-LAW-02-2026-27,Law 2 - The Ball,IFAB,https://www.theifab.com/laws/latest/the-ball/,English,2026/27,HTML,pending,,,Official IFAB law page
IFAB-LAW-03-2026-27,Law 3 - The Players,IFAB,https://www.theifab.com/laws/latest/the-players/,English,2026/27,HTML,pending,,,Official IFAB law page
IFAB-LAW-04-2026-27,Law 4 - The Players' Equipment,IFAB,https://www.theifab.com/laws/latest/the-players-equipment/,English,2026/27,HTML,pending,,,Official IFAB law page
IFAB-LAW-05-2026-27,Law 5 - The Referee,IFAB,https://www.theifab.com/laws/latest/the-referee/,English,2026/27,HTML,pending,,,Official IFAB law page
IFAB-LAW-06-2026-27,Law 6 - The Other Match Officials,IFAB,https://www.theifab.com/laws/latest/the-other-match-officials/,English,2026/27,HTML,pending,,,Official IFAB law page
IFAB-LAW-07-2026-27,Law 7 - The Duration of the Match,IFAB,https://www.theifab.com/laws/latest/the-duration-of-the-match/,English,2026/27,HTML,pending,,,Official IFAB law page
IFAB-LAW-08-2026-27,Law 8 - The Start and Restart of Play,IFAB,https://www.theifab.com/laws/latest/the-start-and-restart-of-play/,English,2026/27,HTML,pending,,,Official IFAB law page
IFAB-LAW-09-2026-27,Law 9 - The Ball in and out of Play,IFAB,https://www.theifab.com/laws/latest/the-ball-in-and-out-of-play/,English,2026/27,HTML,pending,,,Official IFAB law page
IFAB-LAW-10-2026-27,Law 10 - Determining the Outcome of a Match,IFAB,https://www.theifab.com/laws/latest/determining-the-outcome-of-a-match/,English,2026/27,HTML,pending,,,Official IFAB law page
IFAB-LAW-11-2026-27,Law 11 - Offside,IFAB,https://www.theifab.com/laws/latest/offside/,English,2026/27,HTML,pending,,,Official IFAB law page
IFAB-LAW-12-2026-27,Law 12 - Fouls and Misconduct,IFAB,https://www.theifab.com/laws/latest/fouls-and-misconduct/,English,2026/27,HTML,pending,,,Official IFAB law page
IFAB-LAW-13-2026-27,Law 13 - Free Kicks,IFAB,https://www.theifab.com/laws/latest/free-kicks/,English,2026/27,HTML,pending,,,Official IFAB law page
IFAB-LAW-14-2026-27,Law 14 - The Penalty Kick,IFAB,https://www.theifab.com/laws/latest/the-penalty-kick/,English,2026/27,HTML,pending,,,Official IFAB law page
IFAB-LAW-15-2026-27,Law 15 - The Throw-in,IFAB,https://www.theifab.com/laws/latest/the-throw-in/,English,2026/27,HTML,pending,,,Official IFAB law page
IFAB-LAW-16-2026-27,Law 16 - The Goal Kick,IFAB,https://www.theifab.com/laws/latest/the-goal-kick/,English,2026/27,HTML,pending,,,Official IFAB law page
IFAB-LAW-17-2026-27,Law 17 - The Corner Kick,IFAB,https://www.theifab.com/laws/latest/the-corner-kick/,English,2026/27,HTML,pending,,,Official IFAB law page
IFAB-VAR-2026-27,Video Assistant Referee (VAR) protocol,IFAB,https://www.theifab.com/laws/latest/video-assistant-referee-var-protocol/,English,2026/27,HTML,pending,,,Official IFAB protocol
IFAB-TIME-SUB-2026-27,Time-limited substitution protocol,IFAB,https://www.theifab.com/laws/latest/time-limited-substitution-protocol/,English,2026/27,HTML,pending,,,Official IFAB protocol
IFAB-OFFFIELD-TREATMENT-2026-27,Off-field treatment and assessment protocol,IFAB,https://www.theifab.com/laws/latest/off-field-treatment-and-assessment-protocol/,English,2026/27,HTML,pending,,,Official IFAB protocol
IFAB-THROW-GOALKICK-2026-27,Throw-in and goal-kick countdown protocol,IFAB,https://www.theifab.com/laws/latest/throw-in-and-goal-kick-countdown-protocol/,English,2026/27,HTML,pending,,,Official IFAB protocol
IFAB-CAPTAIN-GUIDELINES,Only the captain guidelines,IFAB,https://www.theifab.com/laws/latest/only-the-captain/,English,current,HTML,pending,,,Official IFAB guidance
IFAB-TEMP-DISMISSALS,Guidelines for Temporary Dismissals,IFAB,https://www.theifab.com/laws/latest/guidelines-for-temporary-dismissals/,English,current,HTML,pending,,,Official IFAB guidance
IFAB-RETURN-SUBS,Guidelines for Return Substitutes,IFAB,https://www.theifab.com/laws/latest/guidelines-for-return-substitutes/,English,current,HTML,pending,,,Official IFAB guidance
IFAB-CONCUSSION-SUBS,Additional permanent concussion substitutions protocol,IFAB,https://www.theifab.com/laws/latest/additional-permanent-concussion-substitutions-protocol/,English,current,HTML,pending,,,Official IFAB protocol
IFAB-GUIDE-INTRO,Guidelines for Match Officials - Introduction,IFAB,https://www.theifab.com/laws/latest/guidelines/introduction/,English,current,HTML,pending,,,Official IFAB guidance
IFAB-GUIDE-POSITIONING,Guidelines - Positioning movement and teamwork,IFAB,https://www.theifab.com/laws/latest/guidelines/positioning-movement-and-teamwork/,English,current,HTML,pending,,,Official IFAB guidance
IFAB-GUIDE-COMMS,Guidelines - Body language communication and whistle,IFAB,https://www.theifab.com/laws/latest/guidelines/body-language-communication-and-whistle/,English,current,HTML,pending,,,Official IFAB guidance
IFAB-GUIDE-ADVICE,Guidelines - Other advice,IFAB,https://www.theifab.com/laws/latest/guidelines/other-advice/,English,current,HTML,pending,,,Official IFAB guidance
IFAB-CHANGES-2026-27,Changes to the Laws of the Game 2026/27,IFAB,https://www.theifab.com/downloads/changes-to-the-laws-of-the-game-202627?l=en,English,2026/27,PDF,pending,,,Official IFAB publication
IFAB-CIRCULAR-32-2026,Circular 32 (2026),IFAB,https://www.theifab.com/downloads/circular-32?l=en,English,2026/27,PDF,pending,,,Official IFAB circular
